header,sequence,predicted_class,probabilities
sp|A0A0C5B5G6|MOTSC_HUMAN Mitochondrial-derived peptide MOTS-c OS=Homo sapiens OX=9606 GN=MT-RNR1 PE=1 SV=1,MRWQEMGYIFYPRKLR,"[[0, 0, 0, 0, 0, 0, 0, 0, 0, 0, 0, 0, 0, 0, 0, 0, 0, 0]]","[[[0.9379053115844727, 0.06209469214081764], [0.9999536275863647, 4.641859050025232e-05], [0.9999897480010986, 1.029403938446194e-05], [0.9999878406524658, 1.2215278729854617e-05], [0.9999898672103882, 1.0133623618457932e-05], [0.9999504089355469, 4.954779433319345e-05], [0.999914288520813, 8.57203922350891e-05], [0.9999042749404907, 9.567666711518541e-05], [0.9999853372573853, 1.471985160605982e-05], [0.9999829530715942, 1.707886804069858e-05], [0.9997909665107727, 0.00020903149561490864], [0.9999010562896729, 9.893740207189694e-05], [0.9999481439590454, 5.189572038943879e-05], [0.9999343156814575, 6.56841293675825e-05], [0.999415397644043, 0.0005845986306667328], [0.999992847442627, 7.147842097765533e-06], [0.9999780654907227, 2.1967816792312078e-05], [0.9897410869598389, 0.010258885100483894]]]"
