{
  "input_file": "example/database/P60002.fasta",
  "file_type": "fasta",
  "chain_id": null,
  "analysis_timestamp": "2026-03-09T15:34:24.044459",
  "properties": {
    "physicochemical": {
      "sequence_id": "P60002",
      "sequence_length": 83,
      "molecular_weight": 9461.78,
      "theoretical_pI": 8.24,
      "aromaticity": 0.072,
      "instability_index": 59.89,
      "gravy": -0.7,
      "secondary_structure_fraction": {
        "helix": 0.289,
        "turn": 0.265,
        "sheet": 0.301
      },
      "amino_acid_composition": {
        "A": 0.04819277108433735,
        "C": 0.07228915662650602,
        "D": 0.060240963855421686,
        "E": 0.07228915662650602,
        "F": 0.03614457831325301,
        "G": 0.03614457831325301,
        "H": 0.012048192771084338,
        "I": 0.03614457831325301,
        "K": 0.0963855421686747,
        "L": 0.03614457831325301,
        "M": 0.03614457831325301,
        "N": 0.03614457831325301,
        "P": 0.07228915662650602,
        "Q": 0.03614457831325301,
        "R": 0.060240963855421686,
        "S": 0.060240963855421686,
        "T": 0.0963855421686747,
        "V": 0.060240963855421686,
        "W": 0.012048192771084338,
        "Y": 0.024096385542168676
      }
    }
  }
}