header,sequence,predicted_class,probabilities
P60002,MGRRKSKRKPPPKKKMTGTLETQFTCPFCNHEKSCDVKMDRARNTGVISCTVCLEEFQTPITYLSEPVDVYSDWIDACEAANQ,1,"[0.2925766408443451, 0.6415613293647766, 0.0019052373245358467, 0.035821717232465744, 0.016612181439995766, 0.002631832379847765, 0.0016685239970684052, 0.004359702579677105, 0.002784319454804063, 7.85069860285148e-05]"
