header,sequence,predicted_class,probabilities
P60002,MGRRKSKRKPPPKKKMTGTLETQFTCPFCNHEKSCDVKMDRARNTGVISCTVCLEEFQTPITYLSEPVDVYSDWIDACEAANQ,"[0, 0, 0, 0, 0, 0, 0, 0, 0]","[0.006348925177007914, 3.206838300684467e-06, 0.001194386393763125, 0.08189792931079865, 0.021530892699956894, 0.0006945033092051744, 0.030998816713690758, 0.004701530560851097, 3.710804548973101e-06]"
